,Tweets
0,Israeli occupation forces brutally assaulted and detained a Palestinian young man at the Gate of Bab Al Sahira in the old city of Jerusalem. #URL#
1,#USER# Sending you love. I know this pain all too well. It is absolutely okay to not be okay. Take care of yourself and do something special to remember them or sit and talk to them for a little. It does help ğŸ–¤
2,"Last week, jurors heard from Guy Reffittâ€™s friend, who testified with immunity: #URL#"
3,"#USER# #USER# In love with Taehyung's SWEET voice &amp; lovely song  #HASHTAG# 

2M SHAZAMS FOR V ~ KIM TAEHYUNG 

 Listen, Stream and Shazam  #HASHTAG# by #HASHTAG# is the longest charting Korean OST on Global Shazam! #USER#"
4,"#USER# #USER# Help stop the scoundrel who is destroying my homeland. Your country are next. Putler will not stop, he is a monster. Remember the history, Putler covers all bloody deeds with charity. Close the airspace over Ukraine or provide aircraft. #URL#"
5,"Do you want to learn to HANG CLEAN like Jake Tarka?

Register for the 2022 Natick Summer Strength and Conditioning Program! 

Registration information coming soon!

#URL#

#USER# #USER# #USER# #USER# #URL#"
6,"even if you care a negative amount about wrestling or sports games, WWE 2K22 is going to answer interesting questions, its also the 1st 'simulation' wrestling game not made my yukes, even the AEW game is being made by yukes, its for better and for worse a changing of the guard"
7,#USER# This is Pakistanâ€™s strong Car MAFIA.. and the worst is people still love to buy these ghee dhabasss
8,"Good evening, dear. Thank you so much, we all trying to stay calm and strong. And of course we all believe and pray ğŸ™ #URL#"
9,"â€” random direction. Iâ€™m over today, and I wish this lady would retire already because sheâ€™s been nothing but a pain in the ass since me and Miranda started here. I get that weâ€™re younger, but that doesnâ€™t mean you should ignore what we say when we have absolutely no reason to â€”"
10,Remember how intense the Juan GuaidÃ³ regime change campaign was? I donâ€™t know what kind of diplomatic magic the U.S. can do to suddenly mend relations with Venezuela ğŸ§
11,"#USER# Gonna name it ""Lucky""? (collectively, since eventually a four-leaf mutant will be born, if enough monkeys at enough typewriters...)

;)"
12,"Just be patient ,everything u desrve ll get at a proper time"
13,#USER# I STOPPED PLAUINNGW HER  BC ID GET SO MAD
14,"Last night I was in the worst pain I've had in a long time. I really hope I get better soon, pain isn't something I enjoy"
15,#USER# #USER# Do they avoid Mini Ice Age of 2030s? SCIENCE Japanese - Solar Activity and Cosmic rays Not Carbon Dioxide Mini Ice Age 2030s #URL# Polar Vortex #URL# Foretaste of the Mini Ice Age #URL#
16,On the field this guy has gone from LB to Guard to H-Back and back to Guard...but he has always been Bass Man. #USER#'s football legacy will always be that of a GREAT TEAMMATE. Your fishing legacy is on dissplay here. You deserve this!!! Congrats!! #HASHTAG# #HASHTAG# #URL#
17,Fingers crossed I land this $35 a hour job bc wtf sis
18,People here wake up as early as 5/6 am to starts their days.. Then goes to work n school.. At 5pm everyone comes back home and having dinner together... By 7pm.. Everyone cleans up and ready to bed... At 9 pm..everything is quite and calm and peaceful...
19,"#USER# Alexandar Vindman is an AMERICAN hero. You, by contrast, show every day that you don't care about the USA, and your antisemitism and racism are embarrassing. You speak at white nationalist conferences! You think we can't see your white hood, but we can."
20,You're stronger than you know. Remember that after a storm comes a calm.
21,Check out this listing I just added to my #HASHTAG# closet: Like New Under Armour Marvel Youth Tee Shirt. #URL# #HASHTAG# #USER#
22,"#USER# If the United Nations is incapable of being the Worldâ€™s mediator when it comes to acts of human aggression and one sided conflicts such as the Russian Vs Ukrainian war, then the establishment of a world volunteer force such as this is the answer for peace â˜®ï¸"
23,The current problem of the NFT landscape is TOO MANY people buy an NFT and arenâ€™t 10x a week later and freak the fuck out. This is why we canâ€™t have nice things.
24,Sales First Summit: A Discussion with Trella Health #URL#
25,"#USER# #USER# #USER# #USER# #USER# C'mon on Coach, barely 40...before taxes? Additional money for your coaching, probably a pension plan outside of Social Security, and Medical Benefits. Your educated, what's the average income of the people you serve?"
26,"EPUB Download Free {=&gt;|&gt;&gt;|-
 Inversion Therapy for Neck and Back Pain: How to Use the Inversion Table Therapy to Manage Neck Pain, Back Pain, and Sciatica #URL#"
27,"Saint Ursula with Angels and Donor (detail), 1455 #HASHTAG# #HASHTAG# #URL#"
28,"#USER# #USER# #USER# Could they sanction on their own, it's the president of the US who's privileged enough to sanction countries. By this logic the US owes numerous sanctions to itself for its iraq, Libya, Syria, Afghanistan invasion and ma#HASHTAG#"
29,â¤ï¸to all the British people standing up for Canadian rights.  THANK YOU. Because if you do a peaceful demonstration in Canada under Trudeau regime you will be jailed or have your bank account frozen
30,"#USER# Iâ€™ve never seen one before this winter when I borrowed my brotherâ€™s, and they gave me the same model for Christmas. I find it much easier to use than a mop/bucket combo, &amp; more effective at cleaning than swifter style mops"
31,how to i make my lol omgs legs bend i got it for christmas and idk how to end the legs please help ive been tring for ages and i dont want to break itğŸ™ #URL#
32,"#USER# #USER# #USER# #USER# When was the last time Israel kicked someone out to replace with settlers ğŸ§ğŸ§ğŸ§
Also what are the ""boundaries""
Russian thinks the land is russian and they have the right to drive out Ukrainian ""tresspassors""
Don't be Russia"
33,#USER# #USER# #USER# #USER# #USER# #USER# #USER# Yikes lady.. I didn't mention anything that you want evidence for ...  I said I hope the Embassy notified our citizens already there that a DNT had been issued. Basically saying I hope they were tipped off that something wasn't kosher. Calm the h3ll down.
34,"#USER# Spot on....and don't forget, the CDC also recommended a mask for the nuclear blast!!!!!!hahahahahah"
35,#USER# I will give you a week to morph back to being my mate â˜ºï¸
36,On this new episode of Discography Discussion #USER# and #USER# are talking about #USER# check it out! #HASHTAG# for our #HASHTAG# listeners #URL#
37,"#USER# #USER# #USER# Verdicts are given based on acquisition prices.

And if it is a self release, it is given based on budget or release size."
38,#USER# He's afraid Kenyatta is willing to endorse Odinga as the next Kenyan president hence he's going there to negatively influence a promising transition for the bad!
39,"#USER# Define getting the call? With or w/out the ball, GAâ€™s presence severely impacts the way the D guards entire court. he has elite impact on every poss throughout entire game so why should we eliminate him from MVP discussion cuz he doesnâ€™t fit historical narrative of an iso scorer"
40,"Makeup and Beauty Blog Monday Poll, Vol. 719 #URL# #URL#"
41,Ha ha ha! At least he didn't dress up like a guard #URL# #URL#
42,"Now that all the clothes are tried on,
the last big question of the day...

Will the thrifted espresso maker we got work after I clean it?"
43,#USER# Its an honour being on their unfriendly list. Send that turd of #USER# back to his shitty country
44,"#USER# #USER# #USER# #USER# do you think ""agitated"" means ""angry""? saying calm down to someone who is very clearly calm is more cope"
45,Remember! Gunna be playing some more Spyro 2 this afternoon. In about 3 hours. Work is starting to calm down too. Come on by! We have Emotes now! #URL#
46,"Google reveals new Android 12L features optimized for tablet and foldable devices, including a new notification shade and a taskbar to run apps side by side (Sam Byford/TheÂ Verge) #URL#"
47,"I thought Brock Lesnar was a technical wrestler, all he does is Belly Suplex you to death, WTF?! ğŸ¤¦ğŸ¾â€â™‚ï¸ğŸ¤¦ğŸ¾â€â™‚ï¸ğŸ¤¦ğŸ¾â€â™‚ï¸ğŸ¤¦ğŸ¾â€â™‚ï¸ğŸ¤¦ğŸ¾â€â™‚ï¸"
48,Samuel Beckett Bridge lit up in the Ukraine flag reflected into the Liffey on a relatively calm March evening. #HASHTAG# #HASHTAG# #HASHTAG# #URL#
49,Schedule for the week! Gonna be channeled chaos! Excited to start the new Witch Queen raid Tuesday/Thursday with #USER# #USER# #USER# #USER#! Also hyped to get back to Overwatch with #USER# this Wednesday! Pure chaosğŸ˜ğŸ˜ #URL#
50,"Draco and Hermione
Lovely Savannah ig:peoniesandcedarwood commissioned art for Ch 18 of her WIP 'Wanting and Waiting'.
I'm super excited to share it, the scene is chief's kiss!
P.s. my comms are still open to see the options, check my Ko-fi page ğŸ¤—#URL# #URL#"
51,Maybe im single. Maybe im taken. Maybe its Maybelline....but you in my business boo ğŸ¤”....don't do that ğŸ¤·ğŸ»â€â™€ï¸ğŸ¤£ğŸ’€
52,'Magical bowls' among relics seized in raid on dealers in Jerusalem - BBC News #URL#
53,"#USER# I don't follow you.  You don't follow me. So idk where you came from. No one was making an excuse, if that's what you think your reading comprehension is on you, not me.  Playing Point  guard is hard. That's not an excuse or lie. That's a fact.  Have a good day."
54,#USER# #USER# #USER# Some of those guards took their jobs way too seriously. Some were great though. My wife (then gf) lived at Vista when I lived at Chatham and there was one guard that saw me so much that he just started waving me through.
55,"#USER# #USER# #USER# I get it.. #HASHTAG# is mad because itâ€™s losing influence. But itâ€™s losing influence because it has less to offer these countries than the west. 

Putin controls with fear, lies, intimidation, and force. 

The west offers economic opportunity, freedom, and mutual benefit.

#HASHTAG#"
56,Why donâ€™t DPD have a Uk Twitter account so I can let everyone know how crap they are?
57,"What to expect from Apple's event on Tuesday: A budget iPhone and more - CNBC: * What to expect from Apple's event on Tuesday: A budget iPhone and moreÂ Â CNBC
 * The 5G iPhone SE will be for carriers, not customersÂ Â The Verge
 * iPhone SE 3 could miss outâ€¦ #URL#"
58,"Because of how the federal #HASHTAG# operates, they really can do whatever they want to whoever they want and thereâ€™s nothing you can do about it.

Nick #HASHTAG#  #HASHTAG# #HASHTAG#"
59,Check out this listing I just added to my #HASHTAG# closet: VINCE CAMUTO NWT AUTHENTIC PEPPER COLOR LONG SLEEVES CUFF FULLY WRAP DRESS.. #URL# #HASHTAG# #USER#
60,"#USER# I mean, I understand it's a hard and tricky balance to maintain elements of your legacy design that customers ID with and your brand is built on while at the same time looking fresh and new. But Lexus looks like it's not dipping a toe in that new/fresh pond."
61,"Aww, poor baby. So beautiful! She will help you be more calm I hope, if that is possible. You guys are kicking a$$ and have no doubt you will ""win"". I look forward to when Ukraine takes a part of Russia. THAT will be a bargaining chip. #URL#"
62,#USER# Hey donkeys try this - we are all for green energy and cleaner environment but it has to be phased in over decades. Letâ€™s maybe start with requiring cars to have a certain MPG improvement and slowly wean off gas and oil. You idiots are trying to do this overnight.
63,Pentagon says 100% of Putin's forces on the border are now in Ukraine #URL# via #USER#
64,"NEW - The billionaire Russian founder of Telegram, Pavel Durov, has pledged that he has never given a Kremlin agency data on Ukrainian users. It comes as Telegram has become a vital tool for Ukrainians in the conflict. #URL#"
65,"#USER# This is all because of what WE did together. Reeves, so lucky to have worked with you and witnessed your talent first hand. Our friendship and experiences are two things I will cherish the most. Love you buddy, and I canâ€™t wait to see you go kill it too!"
66,"Martha

Sex: Female
DOB: May 2021
Breed: Cross breed
Neutered: Yes
Vaccinated: Nobivac Plus
Special needs: none
Ready for bonding: now
Adoption Fee: Â£50
Minimum Housing Requirements: 60ftÂ²

Use the link provided to start our adoption process. 

#URL# #URL#"
67,"#USER# #USER# #USER# #USER# #USER# #USER# Yes, many where lucky to be taken before they reach the limit of their pain tolerance. Many found their way out. But some, they had to do the most horrible things. It is weakness that makes men evil and wicked. It has very little to do with cruel nature, most times."
68,"#USER# Retha, we are very sorry for your experience and would like to contact you ASAP for more details. Please send us a DM w/ your contact info, or fill out our secure patient feedback form: #URL# We hope to speak with you soon and will do everything we can to help. #URL#"
69,Wrote this super emotional OS ğŸ¥º Sorry in advance ğŸ’” #HASHTAG# #HASHTAG# #HASHTAG# Zdmn - Short stories â™¥ï¸ - Calm before the storm - MoRan #HASHTAG# #URL#
70,#USER# #HASHTAG# is the way to transition from diesel to EV powertrains and keep the range needed for long haul trucking. End result is a net carbon negative solution ğŸŒ #USER# #USER# Check out their other solutions too. #URL#
71,"#USER# #USER# If you are in Ukraine, did you think a World War was going on the past 2 years when Iraq and Afghanistan wars were being fought? If every war that involves more than one country is a ""world war"", shouldn't we be on World War XX-ish?"
72,#USER# #HASHTAG# to save indian subcontinent from Pakistan state sponsored t*rrorism.we can't afford to lose more lives
73,Since restrictions were lifted in Ireland a couple if weeks ago work bookings have gone crazy. Havenâ€™t had much time to post between studio and live projects. Recording some vocals today. #URL#
74,#USER# #USER# Evidently it was his truck. He said he was â€œcreating a safe passage for the ambassador out of Irelandâ€ #URL#
75,"Inflation..

2%- â€œinflation isnâ€™t a problemâ€

4%- â€œinflation is transitoryâ€

7.5%- â€œCORPORATIONS ARE GOUGING AND ARE GREEDY!!!!â€

20%- â€œPUTIN IS A DICTATOR!! RUSSIA IS WHY INFLATION WONâ€T STOP!!â€

the reality is government spending and money printing... All else= lies"
76,"#USER# #USER# #USER# #USER# Germany has more casualties in WWII than US. Didn't make them have the moral high ground. Not protecting citizens and allowing more to die is a negative not a positive.
Since when is casualty count a morality metric?"
77,"FWIW: Zisa, a charming and dazzling INFX clubwoman, ravenously smoothing down a demure yet lovely calico jacket, is quickly trotting along without a care in the world on a friendly and calm African lion."
78,"#USER# #USER# do you genuinely think doe is saying it would be fine to roblox rgr? doe even followed it up with this meme

I agree it was a bad tweet, but calling this a trump defense isn't justified here 

#URL#"
79,"You're comfortable in your job. Relaxed. Now you let your guard down at times.  Perhaps you also relax a few of the safety guidelines. You've done this before - nothing bad happened.  YET.

This is complacency.  It leads to injuries on the job or worse -- fatalities. 

#HASHTAG# #URL#"
80,#USER# Please donâ€™t start the Irish resistance they will fight you for generations to come â€¦we finally got the IRA to calm down. #URL#
81,"#USER# #USER# #USER# #USER# #USER# I mean if you're a leftist in Ukraine, Russian regime change would be better for you than the current nationalist government that bans everything communist. If you want to resist fine, but it has nothing to do with anarchism or freedom"
82,#USER# #USER# Congrats ? ğŸ˜‚ I guess lmk guess he wasnâ€™t playing lmgaooo heâ€™s shitty
83,i know my mom thankful for my bf cause i only clean my room so he can come over
84,#USER# Yeah she violated OD! Buddy was too calm like this some regular ğŸ’©
85,"songs from a dark cave 5 ""brothers in arms"" cover #URL# via #USER#"
86,Tucker Carlson has a hard time dealing with the fact that his second-favorite dictator is a monster #URL# Tucker is sincerely one very hot mess and should be taken off aire.
87,New this year! Participants in the firearms competition at the Annual Training Conference will be entered to win a brand new Alex Pro Firearms rifle! Check out their products at #URL# #URL#
88,#USER# #USER# #USER# Wtf does that even mean?19 FTâ€™s in a QTR is ridiculous.
89,"#USER# This is celery a ploy to guilt us into giving up mugs so that person can gather more. 
I wonâ€™t be fooled."
90,"Our latest blog discusses five effective ways to ease clean-up time and encourage the kids to organize the classroom.

Click the link to learn more!

#URL# #URL#"
91,"#USER# BerylBit Blockchain (#URL#) #USER# âœ… L1 Blockchain Project âœ… Coded in RUST âœ… Private Txn âœ… Cross Chain Swap âœ… Unruggable LP âœ… EVM to Support Solidity and Multi SC âœ… A Secured Network, POW and SHA3 âœ… Listed on CG and CMC #HASHTAG# #URL#"
92,Mad Robot's Guard Factory - Dirty Dogs of Sarlok-7 #URL#
93,"you realize, ğŸ¥ºğŸ’— please tip/donate if you can. itâ€™s been super difficult trying to find work, with no transportation, seems like itâ€™s impossible after losing my job last month. - pls help. #URL#"
94,"Slavery, subjugation, subjection to insults, weeping, habitual lying, unassertiveness and flaunting oneself are all recognized aspects of housewifisation and must be rejected by the freedom-morality.
#HASHTAG#ÅŸÃ®naJinan #URL#"
95,Check out this listing I just added to my #HASHTAG# closet: Pair of White Lamp Shades. #URL# #HASHTAG# #USER#
96,"""My GF made this beautiful leaflet to explain Russian war and their atrocities on our land"" via /r/DesignPorn (by /u/Hysterical_banana) #HASHTAG# #URL# #URL#"
97,#USER# All this crap when scientist say a 1 degree change in temp for the next 100 years .
98,#USER# It is very difficult to be calm in this situation. The pi team should not have been hiding. Team Pi said no real users will be deleted. He did not mention sanctions. This team did not fulfill its promise. Must be accountable. #USER# 1 #URL#
99,"Panel discussion â€œTeens and Mental Health 

â€œTeenagers should be actively involved in mental health initiatives because it is something that is overlooked, especially in Nigeria. I feel mental health education should be included in the school curriculum.â€ - Aramide Ogunbewon #URL#"
100,Meanwhile In Atlanta: Security Guard Was Not Playing With This Dude! Meanwhile In Atlanta: Security Guard Was Not Playing With This Dude. Posted By Persist #URL# #URL#
101,#USER# You are crazy if you think to get contact with Maduro regime! It is the same Putin and Maduro!
102,"Yt man jokes on his mental health than fucks his WIFE, &amp; you mad that this man reactingâ€¦ ??? Wild. #URL#"
103,"#USER# #USER# #USER# #USER# That's funny. Isn't an extremely unhealthy diet and way of living a main factor in Covid related deaths?

If you just took 30 seconds to think before you post, you'd probably save yourself from looking like a fool that can't think."
104,"#USER# I bought mine on Amazon &amp; I have Been told many stores carry this product , or similar products. It has many different settings &amp; timers &amp; Bluetooth to have relaxing music as well I find the eye pain is the worst feels like my eyes are being pushed from behind"
105,It's stressing me out I need a break... I'm lucky to be able to have one.
106,#USER# My house wasnâ€™t ready until I was day two in the hospital after delivery. Donâ€™t worry youâ€™ll make it ğŸ‘ğŸ»
107,"My graduation gift to myself is being able to build a lightsaber. Yâ€™all, Iâ€™m going to freak out when I do this! #URL#"
108,"#USER# In the case of diesel, a current â‚¬189.90 per litre charge constitutes a product cost of â‚¬100.73; 42.57 cent in excise; 35.51 cent in VAT; 2 cent in Nora levy (National Oil Reserve Agency); 8.97 cent in carbon tax; and 0.12 cent in the Better Energy levy."
109,getting ur pussy ate in the middle of ur whole wedding is crazy #URL#
110,Chhandam Centre Of Indian Culture (#HASHTAG# #HASHTAG#).   eMail: bhaskar.dasgupta#USER#.com Visit: #URL#
111,"#USER# Might be shock, but heartbreaking that you can go through that and then be so calm talking about it as if it's just something normal or expected."
112,"6:30 AM | 2 days later | i was awoken by my phone frantically going off and messages dinging my phone every damn second. I finally answered and it was Salani, she was speaking frantically and i could barely understand her. I told her to calm down and speak clearly -"
113,"#HASHTAG# #HASHTAG# 1/2
I gazed at my hands. 'I do miss my lucky lost Dutch sailor.'
'I feel slighted,' De Vos said. He shut his eyes. 'God help- whatshisname. You're mad.'
'De Leon.'
'Not even a Dutch name. Don't know him at all.'
'A pity,' I said. 'He knows you.'
His eyes opened."
114,#USER# your family relations may well immune more than others to canceling on Twitter; this is a privilege and you did not choose to get this privilege. What you chose however is to be a voice on difficult matters for the benefit of society.
115,#USER# #USER# Three last alternative Booker choices: Dave McLane (a wrestling promoter and businessman): the original GLOW (Gorgeous Ladies of Wrestling); Rob Black/Feinstein (XPW/ECW; RF Video) and Mike Quakenbush (Chikara).
116,"#USER# #USER# #USER# Bros calm down, first follow backğŸ˜‚ and 10bay go still go alone way noww  instead of totally discarding it"
117,"#USER# We see you #HASHTAG# ğŸ‘€

OPB interview...Stepan Bandera portrait in the background.

#HASHTAG# is not hidden, they are Ukr official national guard

How can ANYONE support this??! 

If you are supporting Ukr regime, you support #HASHTAG# ğŸ’¯% #URL#"
118,"But miraculously, JYLâ€™s love for her brother survives even the death of JZX.

As she runs onto the battlefield, MXTX dangles the possibility of a peaceful resolutionâ€”and then, finally, when our hopes are stretched taut, thatâ€™s when JYL dies."
119,"#USER# You're army is getting F*cked so everyone is calm.

Ps what's a 'Humter' ğŸ¤£"
120,"MoNDaY â€¢ ğŸ¸â€¢ â€¢ ğŸ¥ğŸ¥ğŸ¥ğŸ¥ğŸ¥ â€¢ CapTains and PeNtaGon â€¢ ğŸ·ğŸ·ğŸ·ğŸ·ğŸ·â€¢ ğŸ¹ğŸ¹ğŸ¹ğŸ¹ğŸ¹ â€¢ The aFrican Music IndusTry March 7, 2022 #HASHTAG# â€¢ âˆ†nKh â€¢ Â° At iLe ibeji FarM â€¢ â€¢ DeTroiT, MichigaMa â€¢ |WaaWiiyaaTanonG |âˆ†| â€¢ || â€¢ |âˆ†| #URL#"
121,"Who is abbasØ¹

The Guard of zainabØµ
The Door of wish
The Moon Of Bani Hashim
The king of loyalty &amp;
honor
The King of Patience&amp;Beauty
The father of excellence
The Hope for Hopeles
The Shield of husyanØ¹
The Lion of the lion of AllahğŸ’šğŸ’›"
122,"The words that I don't wanna forget, I'm gonna keep expressing them, trying never to lose them. Someday, it'll be nice to share a laugh with someone in this world. Thinking like that, in the future, I'll surely find a reason."
123,"#USER# And you should consider the hypocrisy of Jennifer R Storm, the victim advocate for Andrea Constand. Out of one side she is against drugs and sex, out of the other she was ED for Marsy's law paid for by Henry T Nicholas III:
#URL#"
124,"#USER# #USER# #HASHTAG# concurred with me in their initial response to having Kyrie as a part time player. Not good for team cohesion. So, from the day they relented, spiraling, forced to take damaged goods in exchangebfor the best point guard in the league. I been around, you know....seen a lot."
125,Check out this listing I just added to my #HASHTAG# closet: Charlotte Russe Nude Colored Lace Camisole. #URL# #HASHTAG# #USER#
126,"#USER# Dan Lamothe
#USER#
Â·
5m
Airspace is still contested, as it has been, a Pentagon official says.

â€œWe do continue to assess that President Zelensky has the vast majority of his fixed-wing aircraft available to him,â€ senior U.S. defense official says."
127,"The technology was found in the immune system of bacteria, and researchers learned it could be customized to target specific genes and cut strands of DNA. #URL# #URL#"
128,This generous and good-natured 4th-gr. Shining Shark was nominated by Mrs. Schmidt for selflessly deciding to donate his Friday pretzel money to the class' coin collection for cancer research. We are soooo impressed with this meaningful gesture and compassionate act of kindness!! #URL#
129,#USER# #USER# They are saying they are not going anywhere so they rather occupy the market on a 50/50 basis with SAns.  They said they are here to work so they won't leave
130,"#USER# If you can get a woman mad, im way more afraid of her than any man! Check what the female serial killers do ğŸ˜³"
131,It took time to open the skull. The X-rays were confusing. The operation had been #HASHTAG# Looking into the mind of a dictator was crucial - atrocities had been committed beyond modern day comprehension &amp; as bone fell apart there it was - evil. Pure evil #HASHTAG# #HASHTAG# #URL#
132,#USER# EeshaRebba*sweet virtuous versatile pure pretty precious pious fregrent*roseğŸ¥€bud as prayers*from*Innocent hearts*praised*by*all with noble*honours #HASHTAG# #USER# #HASHTAG# #HASHTAG# #HASHTAG# #HASHTAG# #HASHTAG# #HASHTAG# #HASHTAG# #HASHTAG# #HASHTAG# #URL#
133,"Everyone ""ramen"" calm, we have our #HASHTAG# giveaway winners! Drum roll please.... ğŸ¥ Congratulations, #USER# and #USER# â€”get ready to celebrate with oodles of #HASHTAG#!
Please DM us within 48 hours to claim your prize. Mahalo to everyone who entered! #URL#"
134,#USER# Cause heâ€™s a 6â€™4 road grater who at current struggles in pass pro. Played Guard before tackle also
135,"Just before 2016 US Presidential Elections NATO had deployed 300,000 troops in the East and with NATOs superior mobility would have take them 48 to 72 hours to reach Russia border 

US troop numbers will only increase #URL#"
136,"Keep Calm and Curry On! ğŸ˜

Chef Noriko's delicious Yellow or Red Thai Curry Chicken and Vegetables with Homemade Vegetable Spring Rolls! ğŸ˜‹

Alpha Omicron Pi at Missouri State ğŸ’š

#HASHTAG# #HASHTAG# #HASHTAG# #HASHTAG# #HASHTAG# #HASHTAG# #HASHTAG# #HASHTAG# #HASHTAG# #URL#"
137,"As Attiah points out, Graeme Wood, the author of the Atlantic MbS hagiography, had also written a puff piece on the posh white supremacist Richard Spencer. And the other author was a prison guard in a desert detention centre in Israel, guardian Palestinian detainees. #URL#"
138,"#USER# #USER# #USER# #USER# ...Smith wrote about morality before economics.

So ""yes"": our economic system can be better by getting back to what was intended, not by radical destruction."
139,"Two new pledges to reduce food loss and waste at Google: As food makes its way from farms and factories to store shelves and dining tables, nearly one-third of it ends up lost or wasted along the way. All that unused food negatively impacts the planet â€”â€¦ #URL# #URL#"
140,"#USER# I didnâ€™t want Biden as the D candidate, but after 4 yrs of incompetence every damn day from TFG. Biden is a breath of fresh air!  Do I agree w/everything he does, hell NO Iâ€™m not brainwashed. 
A damn slip of a word, then seeing all the Trump cult attacking is beyond hilarious!!"
141,#USER# Hey love! I am a professional and experienced live2D artist that can assist you with the dope avatar. I can provide you high quality work in less time and in Affordable rates. Kindly DM me for more discussion.
142,"#USER# In an interesting move, #USER# back peddles her position on Ukraine just a week after speaking at a white nationalist event where Putin was cheered and his invasion of Russia was applauded."
143,#USER# #USER# #USER# #USER# #USER# #USER# #USER# #USER# #USER# Yessir bro congrats well deserved!!!
144,my eurovision winners since 2010 ğŸ‡ºğŸ‡¦ sweet people ğŸ‡¬ğŸ‡ª one more day ğŸ‡¦ğŸ‡¿ when the music dies ğŸ‡³ğŸ‡´ i feed you my love ğŸ‡³ğŸ‡± calm after the storm ğŸ‡®ğŸ‡¹ grande amore ğŸ‡ºğŸ‡¦ 1944 ğŸ‡§ğŸ‡ª city lights ğŸ‡±ğŸ‡¹ when we're old ğŸ‡¬ğŸ‡· better love ğŸ‡­ğŸ‡· divlji vjetre ğŸ‡®ğŸ‡¹ zitti e buoni ğŸ‡±ğŸ‡¹ sentimentai
145,Check out this listing I just added to my #HASHTAG# closet: Like New American Eagle Open Front Cardigan. #URL# #HASHTAG# #USER#
146,Pine Tree Christmas Trees Print Set of 4 Unframed Beautiful Botanical Nordman... #URL# via #USER#
147,#USER# MovirBloc $MBL trying going High Up again ğŸš€ğŸš€ğŸš€ğŸš€ dont. Miss it ğŸŒˆğŸŒˆ amazing $MBL .. To the Mars ğŸš€ğŸš€ğŸš€ $MBL partnership with AMC theatre.. Just keep calm #HASHTAG# #HASHTAG# #HASHTAG# #HASHTAG# #HASHTAG#
148,#USER# #USER# From iraq to leb... war criminal militias. Check your facts asshole
149,"#USER# 
ğŸ™ğŸŒŸğŸŒ¹ğŸˆğŸ™
PLEASE consider a small CONTRIBUTION today! We have a Donor Matching Donations today thru Sunday ğŸ™ğŸˆğŸŒ¹ğŸŒ¹ğŸŒŸ Double your gift for the Seniors this weekend! PLEASE SHARE! ğŸŒ¹ğŸˆğŸŒ¹
#URL#
 Thanks ğŸŒŸğŸŒ¹ğŸˆ #URL#"
150,#USER# Lmfaooo twitter People dey mad sha ğŸ˜­ğŸ˜­
151,#USER# If Daddy is a kleptocrat enabling a war thatâ€™s killing and endangering Ukrainian children then I have no qualms about Daddy taking his whole family back to Russia to a nice high end school there. Children should be with their parents. Over a million Ukrainian kids are not.
152,"#USER# suspect pool is Scandanavian ""identitarian ecofascist white-nationalist blackbloques"" and ""socialist-in-name-only nimrod perpetrators"" (#URL#)"
153,"Makeup and Beauty Blog Monday Poll, Vol. 719 #URL# 

Soâ€¦what is the Monday Poll?

Excellent question! It isnâ€™t, contrary to its name, an actual poll, like with little clicky buttons. Itâ€™s just a list of more or less random questions Iâ€™ve been posting on thâ€¦"
154,"#USER# Ukraine sided with Pakistan against India, and voted to sanction India for its nuclear weapons program. There are numerous biological sites in Ukraine because itâ€™s illegal in every other country. Quit listening to CNN!"
155,"Putin plays All Faith

Too kill us All

Last man Standing 

Communism 

Fatherless

The 3 Wise Men

The First too Bow

India

Persia

Arabia 

Islam believes 

In the Virgin birth

The Srcond Coming

Why they hold the Mount

They just don't 

See Him Risen

It was not in Heart's"
156,#HASHTAG# Stay strong make a change inn Pakistan. Respect honesty good dewelpmet trade and trust.
157,#USER# Yes. That's the exact shitty situation
158,"#USER# been for a while, just haven't had any chance to get into it other than refusing to buy shitty products and actually looking into what I buy"
159,#USER# It's embarrassing cookie cutter cliche wheeled out every week. If you haven't performed that donate that week's salary to charity. Least fans would think you actually care.
160,#USER# Ohhh now there scare....Russia should cut all Gas and Petrol supply to UK and Europe. Then you'll know what real pain feel like
161,#USER# #USER# #USER# hilarious.. this made me laugh in midnight.
162,#USER# China meme game do be dya dough.
163,I hate dudes that be trying to talk to everybody in the club. Calm down.
164,"#USER# #USER# Ok, but if I'm a Millionaire I'm not sucking 80 year old balls to be a billionaire.  It's different if your broke as fuck."
165,Ayo why they do the dog banner like that!? Thatâ€™s pure evil! #URL#
166,#USER# That  Smile that body that booty you ar the sexyist woman on the planet  super sexy baby #URL#
167,#USER# Said this from day one. I can't fully blame any manager for this. Rebuild from top to bottom needed. I will be patient as I know this won't be solved over night but a culture change will have to be seen sooner or later.
168,"Interestingâ€¦ Donald Trump admits to wanting 10,000 national guard troops on the ground in DC on January 6th. Why? What did he know? And how are we sure he didnâ€™t want them there to aid and abet the terrorists? Keep talking Donald. We love it. #URL#"
169,"#USER# #USER# Thereâ€™s no issues at the border; TX National Guard can explain it to you. Contact OPEC for lower gas prices and the corporate greed for high food prices. Problem solved. Also, stay off faux noise!"
170,"While the Pentagon is doing more business with small companies, the list of candidates is shrinking In today's #URL# #URL#"
171,"i can clean following, followers and tweets max. 50k (incluided some gosh tweets) for very cheap #HASHTAG#"
172,"Tonight at work, I've done some colouring. ğŸ¥° aswell as Encaustic Art. 

Quiet-ish night tonight. Happy Days. #HASHTAG# #HASHTAG# #HASHTAG# #HASHTAG# #HASHTAG# #URL#"
173,#USER# Big hug from her big half Inkling brother!
174,"If your MBTI type is ISTP, and your favorite season is summer, you are a kind, calm and protective person"
175,I know as soon as these bitches see my post they calm tf down rq ğŸ˜‚
176,"#USER# #USER# Right? If something harmful is directed specifically at you - an interpersonal conflict with friends or harassment for example - it may fall under those categories. But general content not directed at you, especially fictional content, is not."
177,"#USER# It depends on how different you want your character to look, you new refferences to have a rough idea of what you want 

Its not just looking for a cool outfit and done, cuz there is a chance someone else might have it #URL#"
178,Lol I had to get this teller at Scotiabank together today. I donâ€™t know why you â€œcustomer service repsâ€ be having no service and all spice ğŸ˜‚ calm down Marty!
179,#USER# Looking for some exposure has got me fucked up bro
180,#USER# #USER# Oh man the old guard are gonna be Soooo mad xD
181,"To be fair, this lady deserved a prize for having such a calm Boxer, they're normally a bit loopy. ğŸ˜‚
 #URL#"
182,#USER# #USER# #USER# #USER# She too was friendly fire ...aaa ...how evil should one be to have lots all sense of humanity ...no wonder you can kill babies easily #URL#
183,"#USER# #USER# This is calm and silence before storm. Expect that Ruzzians will use more rocket artillery with thermobaric and cluster munition to terrorize defenders and break their will to fight in cities. *Typo with ""s"" intended."
184,"ğŸ‘‰ $995.00 ğŸ‘ˆ
John Hardy Classic Chain Diamond Pave Bracelet with Turquoise Silver MD #USER#
#HASHTAG# #HASHTAG# #HASHTAG# #HASHTAG# #HASHTAG# #HASHTAG# #HASHTAG# #HASHTAG# #HASHTAG# #HASHTAG# 

Are you ready to be #HASHTAG#?! #URL#"
185,"#USER# &amp; the organization #USER#, a well-known org. is sponsoring a conference tomorrow led by Human Events whose editor &amp; staff are anti-communist only where it concerns China, but pro-Putin, who equates communism to Christianity &amp; Lenin to a Saint."
186,Save These Kitchen Scraps for Better Spaghetti Sauce #URL#
187,"""But you shall receive power when the Holy Spirit has come upon you; and you shall be witnesses to Me in Jerusalem, and in all Judea and Samaria, and to the end of the earth.â€ (Acts 1:8)"
188,Made this video for TikTok last night and wanted to share! Iâ€™m a huge fan of #USER# Cup of Calm tea. It tastes so good and the ingredients really seem to help with my anxiety (from my personal experience). #HASHTAG# #HASHTAG# #HASHTAG# #URL#
189,GM Expands its North America-focused EV Supply Chain with POSCO Chemical in Canada #URL#
190,#USER# #USER# #USER# #USER# #USER# #USER# #USER# #USER# #USER# #USER# #USER# #USER# #USER# I am being remarkably calm today.  Mom is happy and worried at the same time.
191,#USER# Prayers to ya pops! He a Soulja. And he a man. Prolly not gone complain much but they get weaker. Sick and be in pain. Donâ€™t be wanting to go. Self conscious about whatever changes to hair/skin. Mentally he gone need you ğŸ‘‘ FCK CANCER.
192,"ABBASØ¹the call of the pure,the embodiment of hope . The Lion of Ali Ø¹ , the shield of Imam HussainØ¹ ,the guard of Bibi ZainabØ³.â¤ï¸ Congratulations to the lovers of Allulbayt Ø¹ on the birth anniversary of Ghazi abal fazal Abbas Ø¹.ğŸŒ¹ #URL#"
193,"#USER# #USER# #USER# Eastern Jerusalem and West Bank is not part of Israel.
Why do Israelites annexed to these areas?"
194,"#USER# ğŸ’°Multi Billion Mcap Project 
ğŸ“£ Aggressive marketing 
âœ… Multi-chain ghost wallet
ğŸ‘¨ğŸ»â€ğŸ’» Best team in crypto 
ğŸš€ Strong community 
ğŸ’1000x gem

#URL#

#USER# #HASHTAG#
#HASHTAG# #HASHTAG# $BOBA #HASHTAG# #HASHTAG#
#HASHTAG#"
195,"#USER# Change your wall, desk, change your life. It's all in the vibe. Brand New Wall, Desk, Pocket Calendars at Amazon #URL# #URL#"
196,"#USER# #USER# No poop jokes ğŸ’©? Boo! But it's true, he would say that ğŸ˜Š."
197,#USER# #USER# #USER# #USER# Conflating being against one of the worlds worst regimeâ€™s on human rights and anti Semitism just shows you have no clue. I suggest you step out of your bubble and realize that nearly every repubtable human rights org has declared Israel an apartheid state
198,4-5 assists per game is right on par with a Zach Lavine type combo guard #URL#
199,"Baby, you were so strong
Baby, you were calm, you were so calm, yeah
Tell me where it went wrong
Tell me how to love, it's been so long"
